dataset,model,seeds,test_mrr_mean,test_mrr_sd,delta_floor_mean,hits@10,hits@100,cfg,params,best_epoch_mean,train_seconds_mean
npm,gat_dir,10,0.16437,0.00504,0.00779,0.27238,0.61492,c1_h128_d0.2,409601,96.8,311.9
npm,ragat_sym,10,0.16231,0.00327,0.00573,0.26961,0.61823,c1_h128_d0.2,409657,80.4,288.9
npm,gat_time,10,0.18106,0.01575,0.02448,0.30994,0.64254,c4_h128_d0.5,409857,82.4,295.6
npm,ragat_time,10,0.16524,0.01447,0.00866,0.29503,0.63204,c4_h128_d0.5,409913,84.4,303.8
npm,gcn_dir,10,0.21183,0.02069,0.05525,0.34475,0.77735,c1_h128_d0.2,208897,34.4,151.0
npm,sage_dir,10,0.16956,0.00288,0.01298,0.28011,0.65525,c1_h128_d0.2,274433,1.3,87.2
npm,gatv2_dir,10,0.16338,0.00469,0.00679,0.26851,0.60608,c4_h128_d0.5,673793,77.4,403.9
maven,gat_dir,10,0.10384,0.01197,0.0116,0.18966,0.5931,c4_h128_d0.5,409601,53.0,69.8
maven,ragat_sym,10,0.1024,0.00742,0.01016,0.17241,0.5931,c3_h64_d0.5,122937,24.2,40.9
maven,gat_time,10,0.10375,0.00685,0.01152,0.23103,0.62759,c2_h64_d0.2,123009,19.0,36.8
maven,ragat_time,10,0.10302,0.00602,0.01078,0.22069,0.61379,c1_h128_d0.2,409913,28.8,52.4
maven,gcn_dir,10,0.1625,0.0541,0.07026,0.2931,0.67241,c4_h128_d0.5,208897,37.8,46.8
maven,sage_dir,10,0.14633,0.04438,0.05409,0.36207,0.65172,c1_h128_d0.2,274433,12.9,32.0
maven,gatv2_dir,10,0.10524,0.01164,0.01301,0.21379,0.6069,c3_h64_d0.5,189441,27.0,47.8

dataset,contrast,a,b,mean,sd,ci95_lo,ci95_hi,p_value,seeds,signs_positive
npm,gat_vs_floor,gat_dir,floor,0.00779,0.00526,0.00402,0.01155,0.00115,10,10
npm,gcn_vs_floor,gcn_dir,floor,0.05525,0.02123,0.04007,0.07044,2e-05,10,10
npm,sage_vs_floor,sage_dir,floor,0.01298,0.00295,0.01087,0.01509,0.0,10,10
npm,gatv2_vs_floor,gatv2_dir,floor,0.00679,0.00465,0.00347,0.01012,0.00125,10,10
npm,rcgat_vs_floor,ragat_sym,floor,0.00573,0.00238,0.00402,0.00743,3e-05,10,10
npm,gate,ragat_sym,gat_dir,-0.00206,0.00553,-0.00601,0.0019,0.26917,10,5
npm,time,gat_time,gat_dir,0.01669,0.01777,0.00398,0.0294,0.01569,10,8
npm,gate_under_time,ragat_time,gat_time,-0.01582,0.02307,-0.03232,0.00069,0.05833,10,3
npm,full_vs_gatdir,ragat_time,gat_dir,0.00087,0.01735,-0.01154,0.01329,0.87683,10,5
npm,gcn_vs_gatdir,gcn_dir,gat_dir,0.04747,0.01828,0.03439,0.06054,2e-05,10,10
npm,sage_vs_gatdir,sage_dir,gat_dir,0.00519,0.00546,0.00129,0.0091,0.0148,10,8
npm,gatv2_vs_gatdir,gatv2_dir,gat_dir,-0.00099,0.00755,-0.00639,0.00441,0.68806,10,3
maven,gat_vs_floor,gat_dir,floor,0.0116,0.01028,0.00425,0.01896,0.00604,10,9
maven,gcn_vs_floor,gcn_dir,floor,0.07026,0.05363,0.0319,0.10863,0.00251,10,9
maven,sage_vs_floor,sage_dir,floor,0.05409,0.04486,0.022,0.08619,0.00413,10,9
maven,gatv2_vs_floor,gatv2_dir,floor,0.01301,0.00986,0.00596,0.02006,0.0024,10,8
maven,rcgat_vs_floor,ragat_sym,floor,0.01016,0.00792,0.0045,0.01583,0.00285,10,8
maven,gate,ragat_sym,gat_dir,-0.00144,0.01494,-0.01213,0.00925,0.7673,10,5
maven,time,gat_time,gat_dir,-9e-05,0.01508,-0.01088,0.0107,0.98593,10,4
maven,gate_under_time,ragat_time,gat_time,-0.00074,0.01063,-0.00834,0.00687,0.83173,10,6
maven,full_vs_gatdir,ragat_time,gat_dir,-0.00082,0.00992,-0.00792,0.00628,0.79923,10,5
maven,gcn_vs_gatdir,gcn_dir,gat_dir,0.05866,0.05599,0.01861,0.09872,0.00904,10,9
maven,sage_vs_gatdir,sage_dir,gat_dir,0.04249,0.04781,0.00829,0.07669,0.02036,10,8
maven,gatv2_vs_gatdir,gatv2_dir,gat_dir,0.0014,0.01469,-0.0091,0.01191,0.76929,10,6
